,city,district,url
0,臺北市,松山區,http://vote.2018.nat.gov.tw/pc/zh_TW/TC/n63000000100000000.html
1,臺北市,信義區,http://vote.2018.nat.gov.tw/pc/zh_TW/TC/n63000000200000000.html
2,臺北市,大安區,http://vote.2018.nat.gov.tw/pc/zh_TW/TC/n63000000300000000.html
3,臺北市,中山區,http://vote.2018.nat.gov.tw/pc/zh_TW/TC/n63000000400000000.html
4,臺北市,中正區,http://vote.2018.nat.gov.tw/pc/zh_TW/TC/n63000000500000000.html
5,臺北市,大同區,http://vote.2018.nat.gov.tw/pc/zh_TW/TC/n63000000600000000.html
6,臺北市,萬華區,http://vote.2018.nat.gov.tw/pc/zh_TW/TC/n63000000700000000.html
7,臺北市,文山區,http://vote.2018.nat.gov.tw/pc/zh_TW/TC/n63000000800000000.html
8,臺北市,南港區,http://vote.2018.nat.gov.tw/pc/zh_TW/TC/n63000000900000000.html
9,臺北市,內湖區,http://vote.2018.nat.gov.tw/pc/zh_TW/TC/n63000001000000000.html
10,臺北市,士林區,http://vote.2018.nat.gov.tw/pc/zh_TW/TC/n63000001100000000.html
11,臺北市,北投區,http://vote.2018.nat.gov.tw/pc/zh_TW/TC/n63000001200000000.html
12,新北市,板橋區,http://vote.2018.nat.gov.tw/pc/zh_TW/TC/n65000000100000000.html
13,新北市,三重區,http://vote.2018.nat.gov.tw/pc/zh_TW/TC/n65000000200000000.html
14,新北市,中和區,http://vote.2018.nat.gov.tw/pc/zh_TW/TC/n65000000300000000.html
15,新北市,永和區,http://vote.2018.nat.gov.tw/pc/zh_TW/TC/n65000000400000000.html
16,新北市,新莊區,http://vote.2018.nat.gov.tw/pc/zh_TW/TC/n65000000500000000.html
17,新北市,新店區,http://vote.2018.nat.gov.tw/pc/zh_TW/TC/n65000000600000000.html
18,新北市,樹林區,http://vote.2018.nat.gov.tw/pc/zh_TW/TC/n65000000700000000.html
19,新北市,鶯歌區,http://vote.2018.nat.gov.tw/pc/zh_TW/TC/n65000000800000000.html
20,新北市,三峽區,http://vote.2018.nat.gov.tw/pc/zh_TW/TC/n65000000900000000.html
21,新北市,淡水區,http://vote.2018.nat.gov.tw/pc/zh_TW/TC/n65000001000000000.html
22,新北市,汐止區,http://vote.2018.nat.gov.tw/pc/zh_TW/TC/n65000001100000000.html
23,新北市,瑞芳區,http://vote.2018.nat.gov.tw/pc/zh_TW/TC/n65000001200000000.html
24,新北市,土城區,http://vote.2018.nat.gov.tw/pc/zh_TW/TC/n65000001300000000.html
25,新北市,蘆洲區,http://vote.2018.nat.gov.tw/pc/zh_TW/TC/n65000001400000000.html
26,新北市,五股區,http://vote.2018.nat.gov.tw/pc/zh_TW/TC/n65000001500000000.html
27,新北市,泰山區,http://vote.2018.nat.gov.tw/pc/zh_TW/TC/n65000001600000000.html
28,新北市,林口區,http://vote.2018.nat.gov.tw/pc/zh_TW/TC/n65000001700000000.html
29,新北市,深坑區,http://vote.2018.nat.gov.tw/pc/zh_TW/TC/n65000001800000000.html
30,新北市,石碇區,http://vote.2018.nat.gov.tw/pc/zh_TW/TC/n65000001900000000.html
31,新北市,坪林區,http://vote.2018.nat.gov.tw/pc/zh_TW/TC/n65000002000000000.html
32,新北市,三芝區,http://vote.2018.nat.gov.tw/pc/zh_TW/TC/n65000002100000000.html
33,新北市,石門區,http://vote.2018.nat.gov.tw/pc/zh_TW/TC/n65000002200000000.html
34,新北市,八里區,http://vote.2018.nat.gov.tw/pc/zh_TW/TC/n65000002300000000.html
35,新北市,平溪區,http://vote.2018.nat.gov.tw/pc/zh_TW/TC/n65000002400000000.html
36,新北市,雙溪區,http://vote.2018.nat.gov.tw/pc/zh_TW/TC/n65000002500000000.html
37,新北市,貢寮區,http://vote.2018.nat.gov.tw/pc/zh_TW/TC/n65000002600000000.html
38,新北市,金山區,http://vote.2018.nat.gov.tw/pc/zh_TW/TC/n65000002700000000.html
39,新北市,萬里區,http://vote.2018.nat.gov.tw/pc/zh_TW/TC/n65000002800000000.html
40,新北市,烏來區,http://vote.2018.nat.gov.tw/pc/zh_TW/TC/n65000002900000000.html
41,桃園市,桃園區,http://vote.2018.nat.gov.tw/pc/zh_TW/TC/n68000000100000000.html
42,桃園市,中壢區,http://vote.2018.nat.gov.tw/pc/zh_TW/TC/n68000000200000000.html
43,桃園市,大溪區,http://vote.2018.nat.gov.tw/pc/zh_TW/TC/n68000000300000000.html
44,桃園市,楊梅區,http://vote.2018.nat.gov.tw/pc/zh_TW/TC/n68000000400000000.html
45,桃園市,蘆竹區,http://vote.2018.nat.gov.tw/pc/zh_TW/TC/n68000000500000000.html
46,桃園市,大園區,http://vote.2018.nat.gov.tw/pc/zh_TW/TC/n68000000600000000.html
47,桃園市,龜山區,http://vote.2018.nat.gov.tw/pc/zh_TW/TC/n68000000700000000.html
48,桃園市,八德區,http://vote.2018.nat.gov.tw/pc/zh_TW/TC/n68000000800000000.html
49,桃園市,龍潭區,http://vote.2018.nat.gov.tw/pc/zh_TW/TC/n68000000900000000.html
50,桃園市,平鎮區,http://vote.2018.nat.gov.tw/pc/zh_TW/TC/n68000001000000000.html
51,桃園市,新屋區,http://vote.2018.nat.gov.tw/pc/zh_TW/TC/n68000001100000000.html
52,桃園市,觀音區,http://vote.2018.nat.gov.tw/pc/zh_TW/TC/n68000001200000000.html
53,桃園市,復興區,http://vote.2018.nat.gov.tw/pc/zh_TW/TC/n68000001300000000.html
54,臺中市,中區,http://vote.2018.nat.gov.tw/pc/zh_TW/TC/n66000000100000000.html
55,臺中市,東區,http://vote.2018.nat.gov.tw/pc/zh_TW/TC/n66000000200000000.html
56,臺中市,南區,http://vote.2018.nat.gov.tw/pc/zh_TW/TC/n66000000300000000.html
57,臺中市,西區,http://vote.2018.nat.gov.tw/pc/zh_TW/TC/n66000000400000000.html
58,臺中市,北區,http://vote.2018.nat.gov.tw/pc/zh_TW/TC/n66000000500000000.html
59,臺中市,西屯區,http://vote.2018.nat.gov.tw/pc/zh_TW/TC/n66000000600000000.html
60,臺中市,南屯區,http://vote.2018.nat.gov.tw/pc/zh_TW/TC/n66000000700000000.html
61,臺中市,北屯區,http://vote.2018.nat.gov.tw/pc/zh_TW/TC/n66000000800000000.html
62,臺中市,豐原區,http://vote.2018.nat.gov.tw/pc/zh_TW/TC/n66000000900000000.html
63,臺中市,東勢區,http://vote.2018.nat.gov.tw/pc/zh_TW/TC/n66000001000000000.html
64,臺中市,大甲區,http://vote.2018.nat.gov.tw/pc/zh_TW/TC/n66000001100000000.html
65,臺中市,清水區,http://vote.2018.nat.gov.tw/pc/zh_TW/TC/n66000001200000000.html
66,臺中市,沙鹿區,http://vote.2018.nat.gov.tw/pc/zh_TW/TC/n66000001300000000.html
67,臺中市,梧棲區,http://vote.2018.nat.gov.tw/pc/zh_TW/TC/n66000001400000000.html
68,臺中市,后里區,http://vote.2018.nat.gov.tw/pc/zh_TW/TC/n66000001500000000.html
69,臺中市,神岡區,http://vote.2018.nat.gov.tw/pc/zh_TW/TC/n66000001600000000.html
70,臺中市,潭子區,http://vote.2018.nat.gov.tw/pc/zh_TW/TC/n66000001700000000.html
71,臺中市,大雅區,http://vote.2018.nat.gov.tw/pc/zh_TW/TC/n66000001800000000.html
72,臺中市,新社區,http://vote.2018.nat.gov.tw/pc/zh_TW/TC/n66000001900000000.html
73,臺中市,石岡區,http://vote.2018.nat.gov.tw/pc/zh_TW/TC/n66000002000000000.html
74,臺中市,外埔區,http://vote.2018.nat.gov.tw/pc/zh_TW/TC/n66000002100000000.html
75,臺中市,大安區,http://vote.2018.nat.gov.tw/pc/zh_TW/TC/n66000002200000000.html
76,臺中市,烏日區,http://vote.2018.nat.gov.tw/pc/zh_TW/TC/n66000002300000000.html
77,臺中市,大肚區,http://vote.2018.nat.gov.tw/pc/zh_TW/TC/n66000002400000000.html
78,臺中市,龍井區,http://vote.2018.nat.gov.tw/pc/zh_TW/TC/n66000002500000000.html
79,臺中市,霧峰區,http://vote.2018.nat.gov.tw/pc/zh_TW/TC/n66000002600000000.html
80,臺中市,太平區,http://vote.2018.nat.gov.tw/pc/zh_TW/TC/n66000002700000000.html
81,臺中市,大里區,http://vote.2018.nat.gov.tw/pc/zh_TW/TC/n66000002800000000.html
82,臺中市,和平區,http://vote.2018.nat.gov.tw/pc/zh_TW/TC/n66000002900000000.html
83,臺南市,新營區,http://vote.2018.nat.gov.tw/pc/zh_TW/TC/n67000000100000000.html
84,臺南市,鹽水區,http://vote.2018.nat.gov.tw/pc/zh_TW/TC/n67000000200000000.html
85,臺南市,白河區,http://vote.2018.nat.gov.tw/pc/zh_TW/TC/n67000000300000000.html
86,臺南市,柳營區,http://vote.2018.nat.gov.tw/pc/zh_TW/TC/n67000000400000000.html
87,臺南市,後壁區,http://vote.2018.nat.gov.tw/pc/zh_TW/TC/n67000000500000000.html
88,臺南市,東山區,http://vote.2018.nat.gov.tw/pc/zh_TW/TC/n67000000600000000.html
89,臺南市,麻豆區,http://vote.2018.nat.gov.tw/pc/zh_TW/TC/n67000000700000000.html
90,臺南市,下營區,http://vote.2018.nat.gov.tw/pc/zh_TW/TC/n67000000800000000.html
91,臺南市,六甲區,http://vote.2018.nat.gov.tw/pc/zh_TW/TC/n67000000900000000.html
92,臺南市,官田區,http://vote.2018.nat.gov.tw/pc/zh_TW/TC/n67000001000000000.html
93,臺南市,大內區,http://vote.2018.nat.gov.tw/pc/zh_TW/TC/n67000001100000000.html
94,臺南市,佳里區,http://vote.2018.nat.gov.tw/pc/zh_TW/TC/n67000001200000000.html
95,臺南市,學甲區,http://vote.2018.nat.gov.tw/pc/zh_TW/TC/n67000001300000000.html
96,臺南市,西港區,http://vote.2018.nat.gov.tw/pc/zh_TW/TC/n67000001400000000.html
97,臺南市,七股區,http://vote.2018.nat.gov.tw/pc/zh_TW/TC/n67000001500000000.html
98,臺南市,將軍區,http://vote.2018.nat.gov.tw/pc/zh_TW/TC/n67000001600000000.html
99,臺南市,北門區,http://vote.2018.nat.gov.tw/pc/zh_TW/TC/n67000001700000000.html
100,臺南市,新化區,http://vote.2018.nat.gov.tw/pc/zh_TW/TC/n67000001800000000.html
101,臺南市,善化區,http://vote.2018.nat.gov.tw/pc/zh_TW/TC/n67000001900000000.html
102,臺南市,新市區,http://vote.2018.nat.gov.tw/pc/zh_TW/TC/n67000002000000000.html
103,臺南市,安定區,http://vote.2018.nat.gov.tw/pc/zh_TW/TC/n67000002100000000.html
104,臺南市,山上區,http://vote.2018.nat.gov.tw/pc/zh_TW/TC/n67000002200000000.html
105,臺南市,玉井區,http://vote.2018.nat.gov.tw/pc/zh_TW/TC/n67000002300000000.html
106,臺南市,楠西區,http://vote.2018.nat.gov.tw/pc/zh_TW/TC/n67000002400000000.html
107,臺南市,南化區,http://vote.2018.nat.gov.tw/pc/zh_TW/TC/n67000002500000000.html
108,臺南市,左鎮區,http://vote.2018.nat.gov.tw/pc/zh_TW/TC/n67000002600000000.html
109,臺南市,仁德區,http://vote.2018.nat.gov.tw/pc/zh_TW/TC/n67000002700000000.html
110,臺南市,歸仁區,http://vote.2018.nat.gov.tw/pc/zh_TW/TC/n67000002800000000.html
111,臺南市,關廟區,http://vote.2018.nat.gov.tw/pc/zh_TW/TC/n67000002900000000.html
112,臺南市,龍崎區,http://vote.2018.nat.gov.tw/pc/zh_TW/TC/n67000003000000000.html
113,臺南市,永康區,http://vote.2018.nat.gov.tw/pc/zh_TW/TC/n67000003100000000.html
114,臺南市,東區,http://vote.2018.nat.gov.tw/pc/zh_TW/TC/n67000003200000000.html
115,臺南市,南區,http://vote.2018.nat.gov.tw/pc/zh_TW/TC/n67000003300000000.html
116,臺南市,北區,http://vote.2018.nat.gov.tw/pc/zh_TW/TC/n67000003400000000.html
117,臺南市,安南區,http://vote.2018.nat.gov.tw/pc/zh_TW/TC/n67000003500000000.html
118,臺南市,安平區,http://vote.2018.nat.gov.tw/pc/zh_TW/TC/n67000003600000000.html
119,臺南市,中西區,http://vote.2018.nat.gov.tw/pc/zh_TW/TC/n67000003700000000.html
120,高雄市,鹽埕區,http://vote.2018.nat.gov.tw/pc/zh_TW/TC/n64000000100000000.html
121,高雄市,鼓山區,http://vote.2018.nat.gov.tw/pc/zh_TW/TC/n64000000200000000.html
122,高雄市,左營區,http://vote.2018.nat.gov.tw/pc/zh_TW/TC/n64000000300000000.html
123,高雄市,楠梓區,http://vote.2018.nat.gov.tw/pc/zh_TW/TC/n64000000400000000.html
124,高雄市,三民區,http://vote.2018.nat.gov.tw/pc/zh_TW/TC/n64000000500000000.html
125,高雄市,新興區,http://vote.2018.nat.gov.tw/pc/zh_TW/TC/n64000000600000000.html
126,高雄市,前金區,http://vote.2018.nat.gov.tw/pc/zh_TW/TC/n64000000700000000.html
127,高雄市,苓雅區,http://vote.2018.nat.gov.tw/pc/zh_TW/TC/n64000000800000000.html
128,高雄市,前鎮區,http://vote.2018.nat.gov.tw/pc/zh_TW/TC/n64000000900000000.html
129,高雄市,旗津區,http://vote.2018.nat.gov.tw/pc/zh_TW/TC/n64000001000000000.html
130,高雄市,小港區,http://vote.2018.nat.gov.tw/pc/zh_TW/TC/n64000001100000000.html
131,高雄市,鳳山區,http://vote.2018.nat.gov.tw/pc/zh_TW/TC/n64000001200000000.html
132,高雄市,林園區,http://vote.2018.nat.gov.tw/pc/zh_TW/TC/n64000001300000000.html
133,高雄市,大寮區,http://vote.2018.nat.gov.tw/pc/zh_TW/TC/n64000001400000000.html
134,高雄市,大樹區,http://vote.2018.nat.gov.tw/pc/zh_TW/TC/n64000001500000000.html
135,高雄市,大社區,http://vote.2018.nat.gov.tw/pc/zh_TW/TC/n64000001600000000.html
136,高雄市,仁武區,http://vote.2018.nat.gov.tw/pc/zh_TW/TC/n64000001700000000.html
137,高雄市,鳥松區,http://vote.2018.nat.gov.tw/pc/zh_TW/TC/n64000001800000000.html
138,高雄市,岡山區,http://vote.2018.nat.gov.tw/pc/zh_TW/TC/n64000001900000000.html
139,高雄市,橋頭區,http://vote.2018.nat.gov.tw/pc/zh_TW/TC/n64000002000000000.html
140,高雄市,燕巢區,http://vote.2018.nat.gov.tw/pc/zh_TW/TC/n64000002100000000.html
141,高雄市,田寮區,http://vote.2018.nat.gov.tw/pc/zh_TW/TC/n64000002200000000.html
142,高雄市,阿蓮區,http://vote.2018.nat.gov.tw/pc/zh_TW/TC/n64000002300000000.html
143,高雄市,路竹區,http://vote.2018.nat.gov.tw/pc/zh_TW/TC/n64000002400000000.html
144,高雄市,湖內區,http://vote.2018.nat.gov.tw/pc/zh_TW/TC/n64000002500000000.html
145,高雄市,茄萣區,http://vote.2018.nat.gov.tw/pc/zh_TW/TC/n64000002600000000.html
146,高雄市,永安區,http://vote.2018.nat.gov.tw/pc/zh_TW/TC/n64000002700000000.html
147,高雄市,彌陀區,http://vote.2018.nat.gov.tw/pc/zh_TW/TC/n64000002800000000.html
148,高雄市,梓官區,http://vote.2018.nat.gov.tw/pc/zh_TW/TC/n64000002900000000.html
149,高雄市,旗山區,http://vote.2018.nat.gov.tw/pc/zh_TW/TC/n64000003000000000.html
150,高雄市,美濃區,http://vote.2018.nat.gov.tw/pc/zh_TW/TC/n64000003100000000.html
151,高雄市,六龜區,http://vote.2018.nat.gov.tw/pc/zh_TW/TC/n64000003200000000.html
152,高雄市,甲仙區,http://vote.2018.nat.gov.tw/pc/zh_TW/TC/n64000003300000000.html
153,高雄市,杉林區,http://vote.2018.nat.gov.tw/pc/zh_TW/TC/n64000003400000000.html
154,高雄市,內門區,http://vote.2018.nat.gov.tw/pc/zh_TW/TC/n64000003500000000.html
155,高雄市,茂林區,http://vote.2018.nat.gov.tw/pc/zh_TW/TC/n64000003600000000.html
156,高雄市,桃源區,http://vote.2018.nat.gov.tw/pc/zh_TW/TC/n64000003700000000.html
157,高雄市,那瑪夏區,http://vote.2018.nat.gov.tw/pc/zh_TW/TC/n64000003800000000.html
158,新竹縣,竹北市,http://vote.2018.nat.gov.tw/pc/zh_TW/TC/n10004000100000000.html
159,新竹縣,竹東鎮,http://vote.2018.nat.gov.tw/pc/zh_TW/TC/n10004000200000000.html
160,新竹縣,新埔鎮,http://vote.2018.nat.gov.tw/pc/zh_TW/TC/n10004000300000000.html
161,新竹縣,關西鎮,http://vote.2018.nat.gov.tw/pc/zh_TW/TC/n10004000400000000.html
162,新竹縣,湖口鄉,http://vote.2018.nat.gov.tw/pc/zh_TW/TC/n10004000500000000.html
163,新竹縣,新豐鄉,http://vote.2018.nat.gov.tw/pc/zh_TW/TC/n10004000600000000.html
164,新竹縣,芎林鄉,http://vote.2018.nat.gov.tw/pc/zh_TW/TC/n10004000700000000.html
165,新竹縣,橫山鄉,http://vote.2018.nat.gov.tw/pc/zh_TW/TC/n10004000800000000.html
166,新竹縣,北埔鄉,http://vote.2018.nat.gov.tw/pc/zh_TW/TC/n10004000900000000.html
167,新竹縣,寶山鄉,http://vote.2018.nat.gov.tw/pc/zh_TW/TC/n10004001000000000.html
168,新竹縣,峨眉鄉,http://vote.2018.nat.gov.tw/pc/zh_TW/TC/n10004001100000000.html
169,新竹縣,尖石鄉,http://vote.2018.nat.gov.tw/pc/zh_TW/TC/n10004001200000000.html
170,新竹縣,五峰鄉,http://vote.2018.nat.gov.tw/pc/zh_TW/TC/n10004001300000000.html
171,苗栗縣,苗栗市,http://vote.2018.nat.gov.tw/pc/zh_TW/TC/n10005000100000000.html
172,苗栗縣,苑裡鎮,http://vote.2018.nat.gov.tw/pc/zh_TW/TC/n10005000200000000.html
173,苗栗縣,通霄鎮,http://vote.2018.nat.gov.tw/pc/zh_TW/TC/n10005000300000000.html
174,苗栗縣,竹南鎮,http://vote.2018.nat.gov.tw/pc/zh_TW/TC/n10005000400000000.html
175,苗栗縣,頭份市,http://vote.2018.nat.gov.tw/pc/zh_TW/TC/n10005000500000000.html
176,苗栗縣,後龍鎮,http://vote.2018.nat.gov.tw/pc/zh_TW/TC/n10005000600000000.html
177,苗栗縣,卓蘭鎮,http://vote.2018.nat.gov.tw/pc/zh_TW/TC/n10005000700000000.html
178,苗栗縣,大湖鄉,http://vote.2018.nat.gov.tw/pc/zh_TW/TC/n10005000800000000.html
179,苗栗縣,公館鄉,http://vote.2018.nat.gov.tw/pc/zh_TW/TC/n10005000900000000.html
180,苗栗縣,銅鑼鄉,http://vote.2018.nat.gov.tw/pc/zh_TW/TC/n10005001000000000.html
181,苗栗縣,南庄鄉,http://vote.2018.nat.gov.tw/pc/zh_TW/TC/n10005001100000000.html
182,苗栗縣,頭屋鄉,http://vote.2018.nat.gov.tw/pc/zh_TW/TC/n10005001200000000.html
183,苗栗縣,三義鄉,http://vote.2018.nat.gov.tw/pc/zh_TW/TC/n10005001300000000.html
184,苗栗縣,西湖鄉,http://vote.2018.nat.gov.tw/pc/zh_TW/TC/n10005001400000000.html
185,苗栗縣,造橋鄉,http://vote.2018.nat.gov.tw/pc/zh_TW/TC/n10005001500000000.html
186,苗栗縣,三灣鄉,http://vote.2018.nat.gov.tw/pc/zh_TW/TC/n10005001600000000.html
187,苗栗縣,獅潭鄉,http://vote.2018.nat.gov.tw/pc/zh_TW/TC/n10005001700000000.html
188,苗栗縣,泰安鄉,http://vote.2018.nat.gov.tw/pc/zh_TW/TC/n10005001800000000.html
189,彰化縣,彰化市,http://vote.2018.nat.gov.tw/pc/zh_TW/TC/n10007000100000000.html
190,彰化縣,鹿港鎮,http://vote.2018.nat.gov.tw/pc/zh_TW/TC/n10007000200000000.html
191,彰化縣,和美鎮,http://vote.2018.nat.gov.tw/pc/zh_TW/TC/n10007000300000000.html
192,彰化縣,線西鄉,http://vote.2018.nat.gov.tw/pc/zh_TW/TC/n10007000400000000.html
193,彰化縣,伸港鄉,http://vote.2018.nat.gov.tw/pc/zh_TW/TC/n10007000500000000.html
194,彰化縣,福興鄉,http://vote.2018.nat.gov.tw/pc/zh_TW/TC/n10007000600000000.html
195,彰化縣,秀水鄉,http://vote.2018.nat.gov.tw/pc/zh_TW/TC/n10007000700000000.html
196,彰化縣,花壇鄉,http://vote.2018.nat.gov.tw/pc/zh_TW/TC/n10007000800000000.html
197,彰化縣,芬園鄉,http://vote.2018.nat.gov.tw/pc/zh_TW/TC/n10007000900000000.html
198,彰化縣,員林市,http://vote.2018.nat.gov.tw/pc/zh_TW/TC/n10007001000000000.html
199,彰化縣,溪湖鎮,http://vote.2018.nat.gov.tw/pc/zh_TW/TC/n10007001100000000.html
200,彰化縣,田中鎮,http://vote.2018.nat.gov.tw/pc/zh_TW/TC/n10007001200000000.html
201,彰化縣,大村鄉,http://vote.2018.nat.gov.tw/pc/zh_TW/TC/n10007001300000000.html
202,彰化縣,埔鹽鄉,http://vote.2018.nat.gov.tw/pc/zh_TW/TC/n10007001400000000.html
203,彰化縣,埔心鄉,http://vote.2018.nat.gov.tw/pc/zh_TW/TC/n10007001500000000.html
204,彰化縣,永靖鄉,http://vote.2018.nat.gov.tw/pc/zh_TW/TC/n10007001600000000.html
205,彰化縣,社頭鄉,http://vote.2018.nat.gov.tw/pc/zh_TW/TC/n10007001700000000.html
206,彰化縣,二水鄉,http://vote.2018.nat.gov.tw/pc/zh_TW/TC/n10007001800000000.html
207,彰化縣,北斗鎮,http://vote.2018.nat.gov.tw/pc/zh_TW/TC/n10007001900000000.html
208,彰化縣,二林鎮,http://vote.2018.nat.gov.tw/pc/zh_TW/TC/n10007002000000000.html
209,彰化縣,田尾鄉,http://vote.2018.nat.gov.tw/pc/zh_TW/TC/n10007002100000000.html
210,彰化縣,埤頭鄉,http://vote.2018.nat.gov.tw/pc/zh_TW/TC/n10007002200000000.html
211,彰化縣,芳苑鄉,http://vote.2018.nat.gov.tw/pc/zh_TW/TC/n10007002300000000.html
212,彰化縣,大城鄉,http://vote.2018.nat.gov.tw/pc/zh_TW/TC/n10007002400000000.html
213,彰化縣,竹塘鄉,http://vote.2018.nat.gov.tw/pc/zh_TW/TC/n10007002500000000.html
214,彰化縣,溪州鄉,http://vote.2018.nat.gov.tw/pc/zh_TW/TC/n10007002600000000.html
215,南投縣,南投市,http://vote.2018.nat.gov.tw/pc/zh_TW/TC/n10008000100000000.html
216,南投縣,埔里鎮,http://vote.2018.nat.gov.tw/pc/zh_TW/TC/n10008000200000000.html
217,南投縣,草屯鎮,http://vote.2018.nat.gov.tw/pc/zh_TW/TC/n10008000300000000.html
218,南投縣,竹山鎮,http://vote.2018.nat.gov.tw/pc/zh_TW/TC/n10008000400000000.html
219,南投縣,集集鎮,http://vote.2018.nat.gov.tw/pc/zh_TW/TC/n10008000500000000.html
220,南投縣,名間鄉,http://vote.2018.nat.gov.tw/pc/zh_TW/TC/n10008000600000000.html
221,南投縣,鹿谷鄉,http://vote.2018.nat.gov.tw/pc/zh_TW/TC/n10008000700000000.html
222,南投縣,中寮鄉,http://vote.2018.nat.gov.tw/pc/zh_TW/TC/n10008000800000000.html
223,南投縣,魚池鄉,http://vote.2018.nat.gov.tw/pc/zh_TW/TC/n10008000900000000.html
224,南投縣,國姓鄉,http://vote.2018.nat.gov.tw/pc/zh_TW/TC/n10008001000000000.html
225,南投縣,水里鄉,http://vote.2018.nat.gov.tw/pc/zh_TW/TC/n10008001100000000.html
226,南投縣,信義鄉,http://vote.2018.nat.gov.tw/pc/zh_TW/TC/n10008001200000000.html
227,南投縣,仁愛鄉,http://vote.2018.nat.gov.tw/pc/zh_TW/TC/n10008001300000000.html
228,雲林縣,斗六市,http://vote.2018.nat.gov.tw/pc/zh_TW/TC/n10009000100000000.html
229,雲林縣,斗南鎮,http://vote.2018.nat.gov.tw/pc/zh_TW/TC/n10009000200000000.html
230,雲林縣,虎尾鎮,http://vote.2018.nat.gov.tw/pc/zh_TW/TC/n10009000300000000.html
231,雲林縣,西螺鎮,http://vote.2018.nat.gov.tw/pc/zh_TW/TC/n10009000400000000.html
232,雲林縣,土庫鎮,http://vote.2018.nat.gov.tw/pc/zh_TW/TC/n10009000500000000.html
233,雲林縣,北港鎮,http://vote.2018.nat.gov.tw/pc/zh_TW/TC/n10009000600000000.html
234,雲林縣,古坑鄉,http://vote.2018.nat.gov.tw/pc/zh_TW/TC/n10009000700000000.html
235,雲林縣,大埤鄉,http://vote.2018.nat.gov.tw/pc/zh_TW/TC/n10009000800000000.html
236,雲林縣,莿桐鄉,http://vote.2018.nat.gov.tw/pc/zh_TW/TC/n10009000900000000.html
237,雲林縣,林內鄉,http://vote.2018.nat.gov.tw/pc/zh_TW/TC/n10009001000000000.html
238,雲林縣,二崙鄉,http://vote.2018.nat.gov.tw/pc/zh_TW/TC/n10009001100000000.html
239,雲林縣,崙背鄉,http://vote.2018.nat.gov.tw/pc/zh_TW/TC/n10009001200000000.html
240,雲林縣,麥寮鄉,http://vote.2018.nat.gov.tw/pc/zh_TW/TC/n10009001300000000.html
241,雲林縣,東勢鄉,http://vote.2018.nat.gov.tw/pc/zh_TW/TC/n10009001400000000.html
242,雲林縣,褒忠鄉,http://vote.2018.nat.gov.tw/pc/zh_TW/TC/n10009001500000000.html
243,雲林縣,臺西鄉,http://vote.2018.nat.gov.tw/pc/zh_TW/TC/n10009001600000000.html
244,雲林縣,元長鄉,http://vote.2018.nat.gov.tw/pc/zh_TW/TC/n10009001700000000.html
245,雲林縣,四湖鄉,http://vote.2018.nat.gov.tw/pc/zh_TW/TC/n10009001800000000.html
246,雲林縣,口湖鄉,http://vote.2018.nat.gov.tw/pc/zh_TW/TC/n10009001900000000.html
247,雲林縣,水林鄉,http://vote.2018.nat.gov.tw/pc/zh_TW/TC/n10009002000000000.html
248,嘉義縣,太保市,http://vote.2018.nat.gov.tw/pc/zh_TW/TC/n10010000100000000.html
249,嘉義縣,朴子市,http://vote.2018.nat.gov.tw/pc/zh_TW/TC/n10010000200000000.html
250,嘉義縣,布袋鎮,http://vote.2018.nat.gov.tw/pc/zh_TW/TC/n10010000300000000.html
251,嘉義縣,大林鎮,http://vote.2018.nat.gov.tw/pc/zh_TW/TC/n10010000400000000.html
252,嘉義縣,民雄鄉,http://vote.2018.nat.gov.tw/pc/zh_TW/TC/n10010000500000000.html
253,嘉義縣,溪口鄉,http://vote.2018.nat.gov.tw/pc/zh_TW/TC/n10010000600000000.html
254,嘉義縣,新港鄉,http://vote.2018.nat.gov.tw/pc/zh_TW/TC/n10010000700000000.html
255,嘉義縣,六腳鄉,http://vote.2018.nat.gov.tw/pc/zh_TW/TC/n10010000800000000.html
256,嘉義縣,東石鄉,http://vote.2018.nat.gov.tw/pc/zh_TW/TC/n10010000900000000.html
257,嘉義縣,義竹鄉,http://vote.2018.nat.gov.tw/pc/zh_TW/TC/n10010001000000000.html
258,嘉義縣,鹿草鄉,http://vote.2018.nat.gov.tw/pc/zh_TW/TC/n10010001100000000.html
259,嘉義縣,水上鄉,http://vote.2018.nat.gov.tw/pc/zh_TW/TC/n10010001200000000.html
260,嘉義縣,中埔鄉,http://vote.2018.nat.gov.tw/pc/zh_TW/TC/n10010001300000000.html
261,嘉義縣,竹崎鄉,http://vote.2018.nat.gov.tw/pc/zh_TW/TC/n10010001400000000.html
262,嘉義縣,梅山鄉,http://vote.2018.nat.gov.tw/pc/zh_TW/TC/n10010001500000000.html
263,嘉義縣,番路鄉,http://vote.2018.nat.gov.tw/pc/zh_TW/TC/n10010001600000000.html
264,嘉義縣,大埔鄉,http://vote.2018.nat.gov.tw/pc/zh_TW/TC/n10010001700000000.html
265,嘉義縣,阿里山鄉,http://vote.2018.nat.gov.tw/pc/zh_TW/TC/n10010001800000000.html
266,屏東縣,屏東市,http://vote.2018.nat.gov.tw/pc/zh_TW/TC/n10013000100000000.html
267,屏東縣,潮州鎮,http://vote.2018.nat.gov.tw/pc/zh_TW/TC/n10013000200000000.html
268,屏東縣,東港鎮,http://vote.2018.nat.gov.tw/pc/zh_TW/TC/n10013000300000000.html
269,屏東縣,恆春鎮,http://vote.2018.nat.gov.tw/pc/zh_TW/TC/n10013000400000000.html
270,屏東縣,萬丹鄉,http://vote.2018.nat.gov.tw/pc/zh_TW/TC/n10013000500000000.html
271,屏東縣,長治鄉,http://vote.2018.nat.gov.tw/pc/zh_TW/TC/n10013000600000000.html
272,屏東縣,麟洛鄉,http://vote.2018.nat.gov.tw/pc/zh_TW/TC/n10013000700000000.html
273,屏東縣,九如鄉,http://vote.2018.nat.gov.tw/pc/zh_TW/TC/n10013000800000000.html
274,屏東縣,里港鄉,http://vote.2018.nat.gov.tw/pc/zh_TW/TC/n10013000900000000.html
275,屏東縣,鹽埔鄉,http://vote.2018.nat.gov.tw/pc/zh_TW/TC/n10013001000000000.html
276,屏東縣,高樹鄉,http://vote.2018.nat.gov.tw/pc/zh_TW/TC/n10013001100000000.html
277,屏東縣,萬巒鄉,http://vote.2018.nat.gov.tw/pc/zh_TW/TC/n10013001200000000.html
278,屏東縣,內埔鄉,http://vote.2018.nat.gov.tw/pc/zh_TW/TC/n10013001300000000.html
279,屏東縣,竹田鄉,http://vote.2018.nat.gov.tw/pc/zh_TW/TC/n10013001400000000.html
280,屏東縣,新埤鄉,http://vote.2018.nat.gov.tw/pc/zh_TW/TC/n10013001500000000.html
281,屏東縣,枋寮鄉,http://vote.2018.nat.gov.tw/pc/zh_TW/TC/n10013001600000000.html
282,屏東縣,新園鄉,http://vote.2018.nat.gov.tw/pc/zh_TW/TC/n10013001700000000.html
283,屏東縣,崁頂鄉,http://vote.2018.nat.gov.tw/pc/zh_TW/TC/n10013001800000000.html
284,屏東縣,林邊鄉,http://vote.2018.nat.gov.tw/pc/zh_TW/TC/n10013001900000000.html
285,屏東縣,南州鄉,http://vote.2018.nat.gov.tw/pc/zh_TW/TC/n10013002000000000.html
286,屏東縣,佳冬鄉,http://vote.2018.nat.gov.tw/pc/zh_TW/TC/n10013002100000000.html
287,屏東縣,琉球鄉,http://vote.2018.nat.gov.tw/pc/zh_TW/TC/n10013002200000000.html
288,屏東縣,車城鄉,http://vote.2018.nat.gov.tw/pc/zh_TW/TC/n10013002300000000.html
289,屏東縣,滿州鄉,http://vote.2018.nat.gov.tw/pc/zh_TW/TC/n10013002400000000.html
290,屏東縣,枋山鄉,http://vote.2018.nat.gov.tw/pc/zh_TW/TC/n10013002500000000.html
291,屏東縣,三地門鄉,http://vote.2018.nat.gov.tw/pc/zh_TW/TC/n10013002600000000.html
292,屏東縣,霧臺鄉,http://vote.2018.nat.gov.tw/pc/zh_TW/TC/n10013002700000000.html
293,屏東縣,瑪家鄉,http://vote.2018.nat.gov.tw/pc/zh_TW/TC/n10013002800000000.html
294,屏東縣,泰武鄉,http://vote.2018.nat.gov.tw/pc/zh_TW/TC/n10013002900000000.html
295,屏東縣,來義鄉,http://vote.2018.nat.gov.tw/pc/zh_TW/TC/n10013003000000000.html
296,屏東縣,春日鄉,http://vote.2018.nat.gov.tw/pc/zh_TW/TC/n10013003100000000.html
297,屏東縣,獅子鄉,http://vote.2018.nat.gov.tw/pc/zh_TW/TC/n10013003200000000.html
298,屏東縣,牡丹鄉,http://vote.2018.nat.gov.tw/pc/zh_TW/TC/n10013003300000000.html
299,宜蘭縣,宜蘭市,http://vote.2018.nat.gov.tw/pc/zh_TW/TC/n10002000100000000.html
300,宜蘭縣,羅東鎮,http://vote.2018.nat.gov.tw/pc/zh_TW/TC/n10002000200000000.html
301,宜蘭縣,蘇澳鎮,http://vote.2018.nat.gov.tw/pc/zh_TW/TC/n10002000300000000.html
302,宜蘭縣,頭城鎮,http://vote.2018.nat.gov.tw/pc/zh_TW/TC/n10002000400000000.html
303,宜蘭縣,礁溪鄉,http://vote.2018.nat.gov.tw/pc/zh_TW/TC/n10002000500000000.html
304,宜蘭縣,壯圍鄉,http://vote.2018.nat.gov.tw/pc/zh_TW/TC/n10002000600000000.html
305,宜蘭縣,員山鄉,http://vote.2018.nat.gov.tw/pc/zh_TW/TC/n10002000700000000.html
306,宜蘭縣,冬山鄉,http://vote.2018.nat.gov.tw/pc/zh_TW/TC/n10002000800000000.html
307,宜蘭縣,五結鄉,http://vote.2018.nat.gov.tw/pc/zh_TW/TC/n10002000900000000.html
308,宜蘭縣,三星鄉,http://vote.2018.nat.gov.tw/pc/zh_TW/TC/n10002001000000000.html
309,宜蘭縣,大同鄉,http://vote.2018.nat.gov.tw/pc/zh_TW/TC/n10002001100000000.html
310,宜蘭縣,南澳鄉,http://vote.2018.nat.gov.tw/pc/zh_TW/TC/n10002001200000000.html
311,花蓮縣,花蓮市,http://vote.2018.nat.gov.tw/pc/zh_TW/TC/n10015000100000000.html
312,花蓮縣,鳳林鎮,http://vote.2018.nat.gov.tw/pc/zh_TW/TC/n10015000200000000.html
313,花蓮縣,玉里鎮,http://vote.2018.nat.gov.tw/pc/zh_TW/TC/n10015000300000000.html
314,花蓮縣,新城鄉,http://vote.2018.nat.gov.tw/pc/zh_TW/TC/n10015000400000000.html
315,花蓮縣,吉安鄉,http://vote.2018.nat.gov.tw/pc/zh_TW/TC/n10015000500000000.html
316,花蓮縣,壽豐鄉,http://vote.2018.nat.gov.tw/pc/zh_TW/TC/n10015000600000000.html
317,花蓮縣,光復鄉,http://vote.2018.nat.gov.tw/pc/zh_TW/TC/n10015000700000000.html
318,花蓮縣,豐濱鄉,http://vote.2018.nat.gov.tw/pc/zh_TW/TC/n10015000800000000.html
319,花蓮縣,瑞穗鄉,http://vote.2018.nat.gov.tw/pc/zh_TW/TC/n10015000900000000.html
320,花蓮縣,富里鄉,http://vote.2018.nat.gov.tw/pc/zh_TW/TC/n10015001000000000.html
321,花蓮縣,秀林鄉,http://vote.2018.nat.gov.tw/pc/zh_TW/TC/n10015001100000000.html
322,花蓮縣,萬榮鄉,http://vote.2018.nat.gov.tw/pc/zh_TW/TC/n10015001200000000.html
323,花蓮縣,卓溪鄉,http://vote.2018.nat.gov.tw/pc/zh_TW/TC/n10015001300000000.html
324,臺東縣,臺東市,http://vote.2018.nat.gov.tw/pc/zh_TW/TC/n10014000100000000.html
325,臺東縣,成功鎮,http://vote.2018.nat.gov.tw/pc/zh_TW/TC/n10014000200000000.html
326,臺東縣,關山鎮,http://vote.2018.nat.gov.tw/pc/zh_TW/TC/n10014000300000000.html
327,臺東縣,卑南鄉,http://vote.2018.nat.gov.tw/pc/zh_TW/TC/n10014000400000000.html
328,臺東縣,鹿野鄉,http://vote.2018.nat.gov.tw/pc/zh_TW/TC/n10014000500000000.html
329,臺東縣,池上鄉,http://vote.2018.nat.gov.tw/pc/zh_TW/TC/n10014000600000000.html
330,臺東縣,東河鄉,http://vote.2018.nat.gov.tw/pc/zh_TW/TC/n10014000700000000.html
331,臺東縣,長濱鄉,http://vote.2018.nat.gov.tw/pc/zh_TW/TC/n10014000800000000.html
332,臺東縣,太麻里鄉,http://vote.2018.nat.gov.tw/pc/zh_TW/TC/n10014000900000000.html
333,臺東縣,大武鄉,http://vote.2018.nat.gov.tw/pc/zh_TW/TC/n10014001000000000.html
334,臺東縣,綠島鄉,http://vote.2018.nat.gov.tw/pc/zh_TW/TC/n10014001100000000.html
335,臺東縣,海端鄉,http://vote.2018.nat.gov.tw/pc/zh_TW/TC/n10014001200000000.html
336,臺東縣,延平鄉,http://vote.2018.nat.gov.tw/pc/zh_TW/TC/n10014001300000000.html
337,臺東縣,金峰鄉,http://vote.2018.nat.gov.tw/pc/zh_TW/TC/n10014001400000000.html
338,臺東縣,達仁鄉,http://vote.2018.nat.gov.tw/pc/zh_TW/TC/n10014001500000000.html
339,臺東縣,蘭嶼鄉,http://vote.2018.nat.gov.tw/pc/zh_TW/TC/n10014001600000000.html
340,澎湖縣,馬公市,http://vote.2018.nat.gov.tw/pc/zh_TW/TC/n10016000100000000.html
341,澎湖縣,湖西鄉,http://vote.2018.nat.gov.tw/pc/zh_TW/TC/n10016000200000000.html
342,澎湖縣,白沙鄉,http://vote.2018.nat.gov.tw/pc/zh_TW/TC/n10016000300000000.html
343,澎湖縣,西嶼鄉,http://vote.2018.nat.gov.tw/pc/zh_TW/TC/n10016000400000000.html
344,澎湖縣,望安鄉,http://vote.2018.nat.gov.tw/pc/zh_TW/TC/n10016000500000000.html
345,澎湖縣,七美鄉,http://vote.2018.nat.gov.tw/pc/zh_TW/TC/n10016000600000000.html
346,金門縣,金城鎮,http://vote.2018.nat.gov.tw/pc/zh_TW/TC/n09020000100000000.html
347,金門縣,金沙鎮,http://vote.2018.nat.gov.tw/pc/zh_TW/TC/n09020000200000000.html
348,金門縣,金湖鎮,http://vote.2018.nat.gov.tw/pc/zh_TW/TC/n09020000300000000.html
349,金門縣,金寧鄉,http://vote.2018.nat.gov.tw/pc/zh_TW/TC/n09020000400000000.html
350,金門縣,烈嶼鄉,http://vote.2018.nat.gov.tw/pc/zh_TW/TC/n09020000500000000.html
351,金門縣,烏坵鄉,http://vote.2018.nat.gov.tw/pc/zh_TW/TC/n09020000600000000.html
352,連江縣,南竿鄉,http://vote.2018.nat.gov.tw/pc/zh_TW/TC/n09007000100000000.html
353,連江縣,北竿鄉,http://vote.2018.nat.gov.tw/pc/zh_TW/TC/n09007000200000000.html
354,連江縣,莒光鄉,http://vote.2018.nat.gov.tw/pc/zh_TW/TC/n09007000300000000.html
355,連江縣,東引鄉,http://vote.2018.nat.gov.tw/pc/zh_TW/TC/n09007000400000000.html
356,基隆市,中正區,http://vote.2018.nat.gov.tw/pc/zh_TW/TC/n10017000100000000.html
357,基隆市,七堵區,http://vote.2018.nat.gov.tw/pc/zh_TW/TC/n10017000200000000.html
358,基隆市,暖暖區,http://vote.2018.nat.gov.tw/pc/zh_TW/TC/n10017000300000000.html
359,基隆市,仁愛區,http://vote.2018.nat.gov.tw/pc/zh_TW/TC/n10017000400000000.html
360,基隆市,中山區,http://vote.2018.nat.gov.tw/pc/zh_TW/TC/n10017000500000000.html
361,基隆市,安樂區,http://vote.2018.nat.gov.tw/pc/zh_TW/TC/n10017000600000000.html
362,基隆市,信義區,http://vote.2018.nat.gov.tw/pc/zh_TW/TC/n10017000700000000.html
363,新竹市,東區,http://vote.2018.nat.gov.tw/pc/zh_TW/TC/n10018000100000000.html
364,新竹市,北區,http://vote.2018.nat.gov.tw/pc/zh_TW/TC/n10018000200000000.html
365,新竹市,香山區,http://vote.2018.nat.gov.tw/pc/zh_TW/TC/n10018000300000000.html
366,嘉義市,東區,http://vote.2018.nat.gov.tw/pc/zh_TW/TC/n10020000100000000.html
367,嘉義市,西區,http://vote.2018.nat.gov.tw/pc/zh_TW/TC/n10020000200000000.html
